master_id1,master_id2,genetic_id1,genetic_id2,site_overlap,mismatch_rate,mismatch_rate_95_ci_lower,mismatch_rate_95_ci_upper
EHU001,VAD001,EHU001.AG,VAD001.AG,558300,0.0,0.0,6.607320915807502e-06
EHU001,VAD002,EHU001.AG,VAD002.AG,558300,0.0,0.0,6.607320915807502e-06
EHU001,VAD003,EHU001.AG,VAD003.AG,558300,0.0,0.0,6.607320915807502e-06
EHU001,VAD004,EHU001.AG,VAD004.AG,558300,0.0,0.0,6.607320915807502e-06
EHU001,VAD005,EHU001.AG,VAD005.AG,558300,0.0,0.0,6.607320915807502e-06
VAD001,VAD002,VAD001.AG,VAD002.AG,558300,0.0,0.0,6.607320915807502e-06
VAD001,VAD003,VAD001.AG,VAD003.AG,558300,0.0,0.0,6.607320915807502e-06
VAD001,VAD004,VAD001.AG,VAD004.AG,558300,0.0,0.0,6.607320915807502e-06
VAD001,VAD005,VAD001.AG,VAD005.AG,558300,0.0,0.0,6.607320915807502e-06
VAD002,VAD003,VAD002.AG,VAD003.AG,558300,0.0,0.0,6.607320915807502e-06
VAD002,VAD004,VAD002.AG,VAD004.AG,558300,0.0,0.0,6.607320915807502e-06
VAD002,VAD005,VAD002.AG,VAD005.AG,558300,0.0,0.0,6.607320915807502e-06
VAD003,VAD004,VAD003.AG,VAD004.AG,558300,0.0,0.0,6.607320915807502e-06
VAD003,VAD005,VAD003.AG,VAD005.AG,558300,0.0,0.0,6.607320915807502e-06
VAD004,VAD005,VAD004.AG,VAD005.AG,558300,0.0,0.0,6.607320915807502e-06
JBT001,JBT002,JBT001.AG,JBT002.AG,337613,0.0,0.0,1.092629519948669e-05
MJ-15-32,MJ-15,MJ-15-32_merge.SG,MJ-15_MJ-32_merge.SG,339770,0.0,0.0,1.0856930950710601e-05
GFW002,GFW002.003,GFW002_GFW003_merge.AG,GFW002.003.AG,944156,3.7070145187871493e-05,2.582084593805813e-05,5.155522479007964e-05
Ofnet,BerryAuBac,Ofnet.AG,BerryAuBac.AG,45132,0.0030576974208986973,0.0025694405513698552,0.003611505768704949
I0963,Popovo2,I0963.AG,Popovo2.AG,69308,0.0033185202285450455,0.002904054487877431,0.0037753864996705093
SF11,StoraForvar11,SF11.SG,StoraForvar11.SG,88965,0.006272129489124937,0.005763884474613061,0.006812958017814315
I2657,I2658,I2657.AG,I2658.AG,103209,0.013477506806576946,0.012782886321373643,0.014199662606501583
ros3,ROS003,ros3.SG,ROS003.SG,360264,0.015102813492327848,0.014707073454538767,0.015506380645683635
NEO259,FRA042,NEO259.SG,FRA042.SG,62776,0.018335032496495474,0.017299898940293715,0.019415025108257815
ros3,ROS003,ros3.SG,ROS003_d.SG,65924,0.022541107942479217,0.021421489608722394,0.02370302082010177
UC8_8168,UC8-8168,UC8_8168.SG,UC8-8168.SG,692381,0.02482303818273465,0.024457829710514276,0.02519222971532379
ros005_renamed,ROS005,ros005_renamed.SG,ROS005.SG,577283,0.02551954587264825,0.025114265994120626,0.025929596944486242
UC12_24,UC12-24,UC12_24.SG,UC12-24.SG,869414,0.03543881280954758,0.03505115337210557,0.03582957138886086
UC12_12,UC12-12,UC12_12.SG,UC12-12.SG,864916,0.03573988687918827,0.035349631717442716,0.03613325527192448
ros005_renamed,ROS005,ros005_renamed.SG,ROS005_d.SG,59292,0.03801524657626661,0.036490197947701794,0.03958572411905069
ANI160,VAR023_ANI160,ANI160.AG,VAR023_ANI160.AG,64654,0.042827976613975936,0.04128012927872362,0.04441702309001577
UC12_20,UC12-20,UC12_20.SG,UC12-20.SG,1026295,0.04461192931856825,0.04421330993045284,0.045013121383897264
UKY001,KPT002,UKY001.AG,KPT002_merge.AG,704937,0.04478414383129273,0.04430248522226203,0.04526954773411685
UKY001,KPT002,UKY001.AG,KPT002_v62.AG,704948,0.045196241424899426,0.0447124731871749,0.04568375147577726
Gokhem2,Gok2,Gokhem2.SG,Gok2.SG,689131,0.04657024571525588,0.046073923801251936,0.04707038373943036
LEU02651,LEU026,LEU02651.AG,LEU026.AG,755273,0.04729415721202797,0.046816514641572084,0.047775275796555855
UKY001,KPT002,UKY001.AG,KPT002_v62.AG.SG,704945,0.05340842193362603,0.05288467257862373,0.05393584501229011
I0781,YUN027_I0781,I0781.AG,YUN027_I0781.AG,485947,0.05683747404552348,0.05618811360309952,0.05749212449923939
Gokhem2,Gok2,Gokhem2.SG,Gok2_d.SG,211969,0.05794243497869971,0.056951524644481895,0.05894545522791318
PIE06061,PIE061,PIE06061.AG,PIE061.AG,659838,0.05832037560734604,0.05775611168085956,0.05888852116918458
GFW002,GFW002.003,GFW002.AG,GFW002.003.AG,787935,0.0597384302004607,0.0592161106468568,0.0602639893583903
LEU02651,LEU051,LEU02651.AG,LEU051.AG,88670,0.06383218675989624,0.06223183397858096,0.06546114545601696
GFW002,GFW002.003,GFW003.AG,GFW002.003.AG,658155,0.06388160843570284,0.06329197343955546,0.06447508571841667
UKY001,KPT002,UKY001.AG,KPT002_v62_d.AG,33844,0.07239097033447583,0.06965219778223665,0.07520339509067395
UKY001,KPT002,UKY001.AG,KPT002_v62_d.AG.SG,36755,0.07906407291524963,0.07632517015443908,0.0818696997467409
GRG027,GLN243A,GRG027.AG,GLN243A.AG.SG,35200,0.08241477272727273,0.07956232422284167,0.08533633940131374
M63_M339_M359,M63,M63_M339_M359.AG,M63.SG,717040,0.08799648555171259,0.08734175025072144,0.08865455161238549
GRG003,GLN204,GRG003.AG,GLN204.AG.SG,41031,0.09095561892227828,0.08819017648998911,0.09377910154197251
SB605,SB606,SB605.SG,SB606.SG,123917,0.09175496501690648,0.09015318851643322,0.09337587535392554
GRG043,GLN280,GRG043.AG,GLN280.AG.SG,36281,0.0918387034535983,0.08888599032847658,0.09485693568693251
SB605,SB671,SB605.SG,SB671.SG,147304,0.09348693857600608,0.09200492374876647,0.09498497635893935
S10_S13,S10,S10_S13.AG,S10.SG,1108191,0.0966169189246258,0.09606747092108232,0.09716847628117148
HGDP00995,BI16,HGDP00995.DG,BI16.SG,1139828,0.09675977428173374,0.09621763856720811,0.09730396004339603
I9054,JBT015,I9054_d.AG,JBT015.AG,61132,0.10014395079500098,0.09777514374159135,0.10255079187090682
HGDP00542,HGDP00551,S_Papuan-9.DG,HGDP00551.DG,1108935,0.10021056238643383,0.09965227136943622,0.10077094252475202
KD-29,KD-29_OBH-52_twins,KD-29.SG,KD-29_OBH-52_twinmerge.SG,1082273,0.1020278617317442,0.10145820838307495,0.10259964594679317
CAO015,CAO018,CAO015.AG,CAO018.AG,38161,0.10230339875789418,0.0992801176350127,0.10538734809518632
OBH-52,KD-29_OBH-52_twins,OBH-52.SG,KD-29_OBH-52_twinmerge.SG,1084752,0.10251098868681505,0.10194079124552585,0.10308330953652264
YCH033,YCH054,YCH033.AG,YCH054.AG,947230,0.10295387603855452,0.10234256609374791,0.1035676151423005
GRG041,GLN276,GRG041.AG,GLN276.AG,588632,0.10309327389608448,0.10231756875081184,0.10387288787714095
UC12_25,UC12-25,UC12_25.SG,UC12-25.SG,952255,0.10375687184630167,0.10314507129745797,0.10437108383199128
HGDP00542,HGDP00551,HGDP00542.DG,A_Papuan-16.DG,1138934,0.1040819748993357,0.10352172671118265,0.10464423742103564
NEO241,I7346,NEO241.SG,I7346.AG,249546,0.10466607358963878,0.10346759603506735,0.10587374176931774
PDI010,PI-51,PDI010.AG,PI-51.WGC,90560,0.10516784452296819,0.1031770066495956,0.107184012163337
I7337,NEO243,I7337.AG,NEO243.SG,46203,0.10568577797978486,0.10289651300713419,0.10852469624240905
YCH033,YCH054,YCH033_d.AG,YCH054.AG,154299,0.10597605946895314,0.10444439561635063,0.10752254655581506
GLN220,GLN319,GLN220.AG.SG,GLN319.AG,34784,0.1062557497700092,0.10303586471256507,0.10954154250132127
YCH033,YCH054,YCH033.IM,YCH054.AG,35383,0.10643529378515106,0.10324021785263823,0.10969512865238899
YCH033,YCH054,YCH033_d.AG,YCH054_d.AG,39456,0.10718268450932684,0.10414664238346952,0.11027667181006466
I7348,NEO250,I7348.AG,NEO250.SG,230490,0.10722807930929758,0.10596772855680654,0.1084983166843326
NEO242,I7332,NEO242.SG,I7332.AG,173491,0.10750989964897315,0.10605599347660653,0.10897693566581904
YCH033,YCH054,YCH033.AG,YCH054_d.AG,122237,0.10755335945744741,0.10582179248605689,0.1093035687913283
I7340,NEO253,I7340.AG,NEO253.SG,53077,0.10884187124366486,0.10620435179370681,0.11152225040992952
GLN256,GLN261,GLN256.AG.SG,GLN261.AG,32478,0.10933555021860952,0.10596135990214424,0.1127797844217574
I7342,I7343,NEO248.SG,I20756.AG,460976,0.11024218180556038,0.1093394438713949,0.11114982181663038
UKY001,KPT002,UKY001.AG,KPT002_v62.SG,232751,0.11132068175861758,0.11004557913133405,0.1126054724883737
GLN243A,GLN266,GLN243A.AG.SG,GLN266.AG,38277,0.11179037019620137,0.1086500992675304,0.11498966936782212
I5407,NEO669,I5407.AG,NEO669.SG,209926,0.11261587416518201,0.11126655492301048,0.11397590021826824
UC12_25,UC8-8173,UC12_25.SG,UC8-8173.SG,947064,0.11317397768260645,0.11253658892491536,0.1138137333767471
GLN280,GLN305,GLN280.AG.SG,GLN305.AG,32154,0.11317409964545624,0.10973083497374811,0.11668741462209614
GLN220,GLN260,GLN220.AG.SG,GLN260.AG,33657,0.11364649255726891,0.11027435887430988,0.11708545716108479
I1525,NEO234,I1525.AG,NEO234.SG,32556,0.11365032559282467,0.11022191513732338,0.11714783297498711
RISE554,NEO70,RISE554.SG,NEO70.SG,69037,0.11540188594521779,0.11302749830055858,0.11780865053196558
NEO73,I1960,NEO73.SG,I1960.DG,642507,0.11633958851810175,0.1155565420111048,0.11712609612431077
NEO539,MNN006,NEO539.SG,MNN006.AG,171523,0.11636340315876005,0.11484946921000408,0.11789031706173571
PES001,NEO202,PES001.SG,NEO202.SG,1065828,0.11644467962935859,0.11583630387081374,0.11705514063905068
I2483,I2484,I2483.AG,I2484.AG,300049,0.11711753746888008,0.11596899899155265,0.1182734767521246
I2483,I2484,I2483.AG,I2484.TW,306318,0.11726375857768724,0.11612639519861154,0.11840836838230888
I1960,NEO73,I1960.AG,NEO73.SG,515739,0.11749353839829836,0.11661590096817334,0.1183754753195411
YCH009,YCH049,YCH009.AG,YCH049_d.AG,155295,0.11782092147203709,0.11622138369537406,0.11943474274296878
NEO73,I1960,NEO73.SG,I1960.SG,645784,0.11809676300434821,0.117310595728611,0.11888635800411043
GLN201,GLN227,GLN201.AG,GLN227.AG.SG,30081,0.11854659087131413,0.114913959033188,0.12225306604934505
I4582,rom066,I4582.AG,rom066.SG,165486,0.11855383536975937,0.11700002294587386,0.12012102477881799
KFP-31,KUP026,KFP-31.SG,KUP026.AG,596991,0.11865338003420486,0.11783408496926973,0.11947637775452793
I4081,rom061,I4081.AG,rom061.SG,119576,0.11889509600588746,0.11706565422918531,0.12074304239334228
NEO516,IGR001,NEO516.SG,IGR001.AG,186054,0.11898158599116386,0.11751367909323021,0.12046137595917784
DA336,irk076,DA336.SG,irk076.SG,37504,0.11918728668941979,0.11592434291428624,0.12250932177725249
YCH009,YCH049,YCH009.AG,YCH049.AG,456001,0.1192278087109458,0.118288575012961,0.12017188350297849
S_Japanese-3,NA18940,S_Japanese-3.DG,NA18940.DG,1118970,0.11940355862981135,0.11880328901373385,0.12000579907269845
A1822,KUP005,A1822.AG,KUP005.AG,900506,0.11951502821746884,0.11884569404828715,0.12018681089640329
GLN227,GLN236B,GLN227.AG.SG,GLN236B.AG,30664,0.12007565875293504,0.11645728708332212,0.12376617303001979
A1821,KUP002,A1821.AG,KUP002.AG,666386,0.12024562340745454,0.1194656157995172,0.12102893397760657
YCH009,YCH049,YCH009_d.AG,YCH049.AG,169020,0.12037037037037036,0.11882265746718773,0.12193111762490047
YCH009,YCH049,YCH009_d.AG,YCH049_d.AG,64182,0.12068804337664765,0.11817718275808975,0.12323325370831899
GLN220,GLN241,GLN220.AG.SG,GLN241.AG,33731,0.12101627582935578,0.11755365601267369,0.12454429742304791
I8295,NEO230,I8295.AG,NEO230.SG,75775,0.12179478719894424,0.1194740855696366,0.12414448866477175
I5890,ukr113,I5890.AG,ukr113_d.SG,42441,0.12202822742159704,0.11892832595788681,0.12517993776925057
KFP-30a,KUP025,KFP-30a.SG,KUP025.AG,802857,0.1230393457365384,0.12232156016156205,0.12375985232413242
NEO559,KVH001,NEO559.SG,KVH001.AG,71066,0.12416626797624743,0.12175006770791502,0.126613198514549
YPN032,YPN033,YPN032.SG,YPN033.SG,72045,0.12420015268235131,0.12180008482592665,0.12663052969499924
UC8_8173,UC8-8173,UC8_8173.SG,UC8-8173.SG,839590,0.1246394073297681,0.12393356933882345,0.12534783615990708
GLN206,GLN210,GLN206.AG,GLN210.AG.SG,30646,0.1250734190432683,0.12138911854989443,0.128828947782052
I5890,ukr113,I5890.AG,ukr113.SG,161129,0.12537780287843903,0.12376455494506121,0.1270045433618979
GLN280,GLN291,GLN280.AG.SG,GLN291.AG,45691,0.1256921494386203,0.12266543734282746,0.1287665074006959
Asp6,GLN210,Asp6.SG,GLN210.AG.SG,34203,0.12577844048767653,0.12228147549973634,0.1293390859895074
I18794,BOY019,I18794.AG,BOY019.AG,48197,0.12581695956179845,0.12286838498457212,0.12881068195084444
HAD018,HAD001,HAD018.AG,HAD001.SG,751447,0.12640412430949888,0.125653562884038,0.12715756702675224
Sumidouro6,Sumidouro4,Sumidouro6_d.SG,Sumidouro4_d.SG,89905,0.1271453200600634,0.12497421606068303,0.12934051151035802
I5374,I6747,I5374.SG,I6747.AG.SG,30667,0.12730296409821631,0.12359161733020332,0.13108506384051416
I4167,POP07,I4167.AG,POP07.SG,45443,0.1279404968862091,0.12488224686654907,0.1310463639379714
SOP002,NEO306,SOP002.SG,NEO306.SG,125550,0.12810035842293907,0.1262563576605762,0.12996155477416027
S_Finnish-3,HG00360,S_Finnish-3.DG,HG00360.DG,1118445,0.12813280939161067,0.12751389026891569,0.1287536549864653
RKF165,RKF280,RKF165.AG,RKF280.AG,478785,0.12829140428375993,0.12734536620441367,0.12924194295703242
GLN243A,GLN263,GLN243A.AG.SG,GLN263.AG,33104,0.12868535524407926,0.12509582600196809,0.1323401702672467
LEPE52,GLN210,LEPE52.SG,GLN210.AG.SG,33945,0.12879658270732067,0.12525025798692854,0.13240655223365455
I12365,I12367,I12365.AG,I12367.AG,158707,0.12903652642920602,0.12739083718034871,0.1306957801869606
Ess7,GLN210,Ess7.SG,GLN210.AG.SG,34106,0.1292734416231748,0.12572981565524302,0.13288032924433574
I12774,CE004,I12774.AG,CE004.SG,45170,0.1297099845029887,0.12662435260453442,0.13284329274489656
LEU026,LEU051,LEU026.AG,LEU051.AG,64824,0.1297204738985561,0.12714286735388686,0.13233127534817196
C390,C391,C390.AG,C391.AG,404610,0.12973233484095795,0.12869841935888765,0.13077155597882967
tai002,LD2,tai002.SG,LD2.AG,93813,0.13014187799132315,0.12799498000916879,0.1323116721288702
Xaghra9,GLN210,Xaghra9.SG,GLN210.AG.SG,34054,0.1301462383273624,0.12658963044737395,0.13376605457533627
R3476,R3477,R3476.SG,R3477.SG,378433,0.13024234144485286,0.12917152309751942,0.13131882492523994
VC3-2,GLN210,VC3-2.SG,GLN210.AG.SG,33919,0.13028096347180046,0.12671573219106555,0.13390963209730153
GLN206,GLN227,GLN206.AG,GLN227.AG.SG,31644,0.13029326254582227,0.1266025776764356,0.13405195599874387
R9818,R9823,R9818.SG,R9823.SG,449318,0.13033975936864314,0.1293566031544686,0.13132768508065176
MJ-51,TAL003,MJ-51.SG,TAL003.AG,87492,0.13044621222511774,0.1282211157373689,0.1326958415707099
I7029,CHN003,I7029.AG,CHN003.AG,340887,0.13062979814425307,0.12950020407553367,0.13176567525849842
Bar25,GLN210,Bar25.SG,GLN210.AG.SG,33928,0.13065904267861353,0.12708983609089572,0.13429160446234834
C2034,AYIM22BY,C2034.AG,AYIM22BY.SG,317468,0.13073443622664332,0.12956358284764458,0.13191203464105034
Ess7,GLN227,Ess7.SG,GLN227.AG.SG,35339,0.13079034494467867,0.12729126878806393,0.13435021839876446
PM1,Muierii2,PM1.SG,Muierii2_d.AG,66705,0.1308597556405067,0.12830908100177055,0.13344258763699784
Asp6,GLN227,Asp6.SG,GLN227.AG.SG,35462,0.13126727200947494,0.1277687741233559,0.13482627701446892
Bar25,GLN227,Bar25.SG,GLN227.AG.SG,35167,0.13128785509142094,0.1277745465553288,0.13486217621146732
LEPE52,GLN227,LEPE52.SG,GLN227.AG.SG,35169,0.13156473030225482,0.1280483417475079,0.13514208186058763
VC3-2,GLN227,VC3-2.SG,GLN227.AG.SG,35165,0.1315796957201763,0.12806293640205502,0.13515742250236065
GLN210,Iceman,GLN210.AG.SG,iceman.SG,34248,0.13180331698201356,0.12823741175394657,0.13543178818999269
GLN210,I1583,GLN210.AG.SG,I1583.SG,34055,0.13196300102774922,0.12838519496905676,0.1356037011232985
GLN236B,GLN243A,GLN236B.AG,GLN243A.AG.SG,44627,0.1321173280749322,0.12898846391317514,0.1352941345411181
KFJ014,KFJ015,KFJ014.AG,KFJ015.AG,553544,0.13233636350497882,0.13144472338359386,0.13323185357011658
I4168,POP14,I4168.AG,POP14.SG,166655,0.1326272839098737,0.13100229457495505,0.13426506466875698
GLN227,Iceman,GLN227.AG.SG,iceman.SG,35499,0.13282064283500944,0.1293062703319716,0.13639520301618668
I6222,SHT001,I6222.AG,SHT001.AG,112865,0.13284897886855979,0.13087386424838596,0.13484297951000906
GLN220,GLN263,GLN220.AG.SG,GLN263.AG,30695,0.13288809252321224,0.1291091968187596,0.13673660993851888
GLN227,I1583,GLN227.AG.SG,I1583.SG,35260,0.13309699376063527,0.12956764511592347,0.13668689322005328
GLN226,GLN243A,GLN226.AG,GLN243A.AG.SG,30634,0.13312006267545864,0.1293345959847487,0.1369752457255328
GLN236B,GLN317,GLN236B.AG,GLN317.AG.SG,30144,0.1331608280254777,0.12934437135731686,0.13704812956709403
GLN211B,GLN220,GLN211B.AG,GLN220.AG.SG,30735,0.1331706523507402,0.12939076416417275,0.13702001752011875
C794,AYIM22BY,C794.AG,AYIM22BY.SG,87219,0.13318199016269391,0.13093357261691954,0.13545483457570381
GLN210,I1583,GLN210.AG.SG,I1583.DG,33332,0.13340033601344053,0.12976728828009823,0.13709739311310187
GLN256,GLN257,GLN256.AG.SG,GLN257.AG,31837,0.13349247730627886,0.12977441897196992,0.13727754206477522
GLN220,GLN261,GLN220.AG.SG,GLN261.AG,35593,0.13350939791532043,0.12999186605377536,0.13708684480452335
L5138,L8629,L5138.AG,L8629.AG,183414,0.133512163738864,0.13195865084433023,0.13507726989050642
KD-29,OBH-52,KD-29.SG,OBH-52.SG,989048,0.13352132555750582,0.1328515561219376,0.13419324202965158
ktg004,GLN227,ktg004.SG,GLN227.AG.SG,34538,0.13356303202269965,0.12999181569836532,0.13719598926544357
I30423,GLN210,I30423.TW,GLN210.AG.SG,30987,0.1336044147545745,0.12983460342732875,0.13744305447949182
Xaghra9,GLN227,Xaghra9.SG,GLN227.AG.SG,35291,0.13363180414269926,0.13009793751359375,0.13722607953920388
GLN243A,GLN265,GLN243A.AG.SG,GLN265.AG,35619,0.13388921642943372,0.13036868645330166,0.13746955516241677
b17-1,j11-1,b17-1.SG,j11-1.SG,812961,0.13392278350375972,0.13318315483696377,0.134665021656953
GLN256,GLN320,GLN256.AG.SG,GLN320.AG,31192,0.13420107719928187,0.13043643975116295,0.1380339773904352
ktg004,GLN210,ktg004.SG,GLN210.AG.SG,33315,0.13423382860573316,0.13059015965453546,0.13794139316054127
GLN211B,GLN243A,GLN211B.AG,GLN243A.AG.SG,33236,0.13446263088217594,0.13081199723225126,0.1381772721021265
GLN245B,GLN256,GLN245B.AG,GLN256.AG.SG,34971,0.1344828572245575,0.13092328334849176,0.13810325159959647
GLN243A,GLN321,GLN243A.AG.SG,GLN321.AG,33601,0.13449004493913871,0.13085888366857495,0.13818451187393335
C2034,C794,C2034.AG,C794.AG,135885,0.13476101114913347,0.13294957025771018,0.13658805262307303
R4,GLN210,R4.SG,GLN210.AG.SG,31675,0.1350591949486977,0.1313130366958736,0.1388724135323289
GLN256,GLN319,GLN256.AG.SG,GLN319.AG,31652,0.13559964615190193,0.13184573705349392,0.13942056443735035
GLN202,GLN243A,GLN202.AG,GLN243A.AG.SG,40483,0.135686584492256,0.1323645253282794,0.13906098996822716
S_Punjabi-4,HG02494,S_Punjabi-4.DG,HG02494.DG,1117910,0.13571396624057394,0.1350795919854552,0.13635022855348647
GLN256,GLN285B,GLN256.AG.SG,GLN285B.AG,30695,0.13575500895911385,0.13194144905942706,0.1396376433740484
GLN256,GLN266,GLN256.AG.SG,GLN266.AG,31989,0.135765419362906,0.13202929391655893,0.13956781581934444
GLN299,GLN310B,GLN299.AG.SG,GLN310B.AG,30294,0.1358684888096653,0.1320285259371124,0.13977842112364267
GLN256,GLN285A,GLN256.AG.SG,GLN285A.AG,33460,0.13589360430364614,0.1322386696667189,0.1396118664722842
UC8_8173,UC12-25,UC8_8173.SG,UC12-25.SG,826943,0.13606379157934706,0.1353254999882918,0.1368046334895645
GLN256,GLN310B,GLN256.AG.SG,GLN310B.AG,30273,0.13612790275162687,0.13228348691475578,0.14004228650290523
GLN220,GLN285B,GLN220.AG.SG,GLN285B.AG,33806,0.13624800331302137,0.1326076936705588,0.13995092927369224
R9,GLN210,R9.SG,GLN210.AG.SG,32005,0.13635369473519762,0.13261160432982233,0.14016191529238203
NG10,GLN210,NG10.SG,GLN210.AG.SG,34276,0.13639281129653402,0.13277579442135096,0.14007155892845125
GLN227,I1583,GLN227.AG.SG,I1583.DG,34506,0.13644003941343535,0.1328345104588105,0.14010687858338433
I6226,CHN004,I6226.AG,CHN004.AG,34071,0.13680255936133368,0.13317008840619385,0.14049706306837126
I13886,I13887,I13886.AG,I13887.AG,569554,0.13686322982544236,0.13597158617017238,0.13775856899495492
GLN243A,GLN255,GLN243A.AG.SG,GLN255.AG,40335,0.13687864137845543,0.13353810050684306,0.14027154824717086
GLN227,GLN276,GLN227.AG.SG,GLN276.AG,31501,0.13688454334783023,0.13310652729470568,0.14072965178787603
GLN257,GLN299,GLN257.AG,GLN299.AG.SG,32039,0.13692687037672835,0.13318006525091164,0.14073963053073776
R9,GLN227,R9.SG,GLN227.AG.SG,33143,0.13695199589656942,0.1332675431511379,0.14070019651814597
GLN210,GLN276,GLN210.AG.SG,GLN276.AG,30475,0.13696472518457753,0.1331229852527697,0.14087580714199885
GLN220,GLN321,GLN220.AG.SG,GLN321.AG,30880,0.13720854922279793,0.13338907142108256,0.14109641089503333
LEPE48,GLN210,LEPE48.SG,GLN210.AG.SG,34146,0.137234229485152,0.13360086213294164,0.1409294189860572
GLN220,GLN322,GLN220.AG.SG,GLN322.AG,30108,0.137338913245649,0.13346944942541464,0.14127849387608704
Karakalpaks1,GLN210,Karakalpaks1.SG,GLN210.AG.SG,34244,0.1373671300081766,0.13373744711384158,0.14105843495376605
GLN245A,GLN256,GLN245A.AG,GLN256.AG.SG,34647,0.1374144947614512,0.13380535830458037,0.1410845266653274
PB675,GLN210,PB675.SG,GLN210.AG.SG,34275,0.1375054704595186,0.13387586803124307,0.14119661543699352
R4,GLN227,R4.SG,GLN227.AG.SG,32774,0.13754805638615977,0.13383616127977324,0.14132431253156746
GLN243A,GLN322,GLN243A.AG.SG,GLN322.AG,32271,0.137584828483778,0.13384382625669491,0.14139119094132685
KH150623,GLN210,KH150623.SG,GLN210.AG.SG,34139,0.13761387269691555,0.13397586142351228,0.14131365373843915
GLN220,GLN265,GLN220.AG.SG,GLN265.AG,32856,0.1376917457998539,0.1339828171136632,0.14146484887032487
GLN260,GLN299,GLN260.AG,GLN299.AG.SG,30687,0.13781079936129306,0.1339722378812709,0.14171806103785936
2H11,GLN210,2H11.SG,GLN210.AG.SG,34261,0.13782434838446048,0.13419043005364464,0.14151978000309745
GLN210,I2520,GLN210.AG.SG,I2520.SG,33684,0.137839923999525,0.1341749789430399,0.1415674361064725
Pta08,GLN210,Pta08.SG,GLN210.AG.SG,31728,0.13792233988905697,0.13414567729297314,0.1417654220361722
GLN227,KO1,GLN227.AG.SG,I1507.SG,35330,0.13809793376733653,0.13451615058178742,0.14173931898031258
GLN243A,GLN257,GLN243A.AG.SG,GLN257.AG,38147,0.13822843211785985,0.13477947623649678,0.14173255807257062
LEPE48,GLN227,LEPE48.SG,GLN227.AG.SG,35409,0.1382416899658279,0.13466230513010016,0.14188051975822402
I30421,GLN210,I30421.TW,GLN210.AG.SG,30054,0.138450788580555,0.1345645581593581,0.1424070454567924
RKF051,RKF277,RKF051.AG,RKF277.AG,58133,0.13847556465346705,0.13567731896517918,0.14130995447758188
GLN210,FRA005,GLN210.AG.SG,FRA005.SG,34043,0.1385013071703434,0.13484822689469536,0.14221617928290795
I30423,GLN227,I30423.TW,GLN227.AG.SG,31962,0.13850822852136913,0.13473856515376947,0.14234371654901717
KFP-6,KUP003,KFP-6.SG,KUP003.AG,583703,0.13863386002813075,0.13774829435972355,0.13952301396734978
GLN285B,GLN299,GLN285B.AG,GLN299.AG.SG,30668,0.13874396765358027,0.13489319087422255,0.1426633091176127
GLN220,GLN250,GLN220.AG.SG,GLN250.AG,30485,0.13875676562243727,0.1348943517780778,0.14268815440861154
GLN206,GLN287,GLN206.AG,GLN287.AG.SG,30961,0.1388521042601983,0.13501823688395384,0.142753865253407
GLN256,GLN260,GLN256.AG.SG,GLN260.AG,30600,0.1388888888888889,0.13503214628766105,0.14281432122277612
I1583,GLN210,I1583.AG,GLN210.AG.SG,30461,0.13893174879353928,0.13506575191425393,0.14286674146812436
PB675,GLN227,PB675.SG,GLN227.AG.SG,35539,0.13897408480823883,0.13539320014111506,0.14261407585202018
VLASA7,GLN210,VLASA7.SG,GLN210.AG.SG,34214,0.13900742386157713,0.13535779590632976,0.142718447453764
GLN210,atp002,GLN210.AG.SG,atp002.SG,33271,0.13900994860388927,0.13530916621384678,0.14277387090387214
SB604,GLN210,SB604.SG,GLN210.AG.SG,31160,0.13902439024390245,0.1352007141670176,0.14291549280017304
GLN299,GLN320,GLN299.AG.SG,GLN320.AG,31275,0.1390247801758593,0.13520810294714938,0.14290863521277664
I9054,JBT014,I9054_d.AG,JBT014.AG,30659,0.1391108646726899,0.13525520343079275,0.14303504070565062
RKF030,RKF215,RKF030.AG,RKF215.AG,884886,0.1392201933356387,0.13849953381244107,0.13994321540200771
KH150620,GLN210,KH150620.SG,GLN210.AG.SG,34112,0.13930581613508441,0.13564743365495197,0.143025727117534
GLN227,atp002,GLN227.AG.SG,atp002.SG,34493,0.13939060099150552,0.13575145024333388,0.14309058449314146
Pta08,GLN227,Pta08.SG,GLN227.AG.SG,32847,0.13940390294395227,0.13567494552100712,0.14319674725588724
GLN227,I2520,GLN227.AG.SG,I2520.SG,34871,0.13942817814229588,0.13580830405100125,0.1431082175797538
2H10,GLN227,2H10.SG,GLN227.AG.SG,35327,0.13944008831771731,0.13584341951276907,0.14309614192139838
KH150204_KH150634,GLN227,KH150204_KH150634.SG,GLN227.AG.SG,35146,0.13944687873442213,0.13584092677793133,0.14311252096591467
Bar25,GLN317,Bar25.SG,GLN317.AG.SG,34497,0.13951937849668086,0.1358790126716726,0.14322054815926935
KH150614_KH150615,GLN210,KH150614_KH150615.SG,GLN210.AG.SG,33761,0.13962856550457628,0.13594768967007076,0.1433715552453523
GLN210,NE6,GLN210.AG.SG,I1496.SG,34183,0.13968931925225989,0.13603045845051182,0.14340951477615502
I21385,GLN210,I21385.AG.TW,GLN210.AG.SG,31764,0.13974940183855938,0.1359537168223139,0.14361109416984294
SRA62,GLN210,SRA62.SG,GLN210.AG.SG,34241,0.13977395519990654,0.13611724206741027,0.14349188443003072
GLN206,GLN317,GLN206.AG,GLN317.AG.SG,31324,0.1397969607968331,0.13597428252983265,0.14368656717608325
GLN227,KO1,GLN227.AG.SG,I1507.DG,34608,0.13983760980120202,0.1361995491719345,0.14353622494469204
gam872,GLN210,gam872.SG,GLN210.AG.SG,34243,0.13985340069503255,0.13619591321777388,0.1435720871092304
GLN210,GLN275,GLN210.AG.SG,GLN275.AG,31497,0.13988633838143316,0.13607309070833995,0.14376612896294388
I6747,GLN227,I6747.AG.SG,GLN227.AG.SG,35433,0.13995427990855983,0.13635736501441642,0.14361031659624554
KH150630,GLN210,KH150630.SG,GLN210.AG.SG,33081,0.13998972219703154,0.1362673043968169,0.14377547015356607
